Jaime,Ardinger
Jaimee,Ardion
Jaimie,Ardis
Jake,Ardito
Jaleesa,Ardizone
Jalisa,Ardizzone
Jama,Ardman
Jamaal,Ardner
Jamal,Ardoin
Jamar,Ardolino
Jame,Ardon
Jame,Ardrey
Jamee,Ardry
Jamel,Ards
James,Arduini
James,Area
Jamey,Areas
Jamey,Arebalo
Jami,Arebela
Jamie,Arechiga
Jamie,Aredondo
Jamika,Arehano
Jamila,Arehart
Jamison,Areias
Jammie,Areizaga
Jan,Arel
Jan,Arellanes
Jana,Arellano
Janae,Arelleano
Janay,Arena
Jane,Arenales
Janean,Arenas
Janee,Arenburg
Janeen,Arend
Janel,Arendale
Janell,Arendall
Janella,Arendash
Janelle,Arender
Janene,Arends
Janessa,Arendsee
Janet,Arendt
Janeth,Arendz
Janett,Arenivar
Janetta,Arenivas
Janette,Arenos
Janey,Arens
Jani,Arenson
Janice,Arenstam
Janie,Arent
Janiece,Arentz
Janina,Arenz
Janine,Areola
Janis,Ares
Janise,Aresco
