Melissa,Bakowski
Melissia,Bakr
Melita,Baksh
Mellie,Bakshi
Mellisa,Baksi
Mellissa,Bakst
Melodee,Bakula
Melodi,Bal
Melodie,Bala
Melody,Balaam
Melonie,Balaban
Melony,Baladejo
Melva,Balado
Melvin,Balafoutas
Melvin,Balagtas
Melvina,Balak
Melynda,Balancia
Mendy,Balandran
Mercedes,Balangatan
Mercedez,Balanoff
Mercy,Balas
Meredith,Balasa
Meri,Balasco
Merideth,Balash
Meridith,Balaski
Merilyn,Balasko
Merissa,Balassi
Merle,Balasubramani
Merle,Balay
Merlene,Balaz
Merlin,Balazs
Merlyn,Balbas
Merna,Balbi
Merri,Balbin
Merrie,Balboa
Merrilee,Balboni
Merrill,Balbontin
Merrill,Balbuena
Merry,Balcazar
Mertie,Balceiro
Mervin,Balcer
Meryl,Balcerzak
Meta,Balch
Mi,Balchunas
Mia,Balcitis
Mica,Balck
Micaela,Balckburn
Micah,Balckwell
Micah,Balcom
Micha,Balcomb
Michael,Balcorta
Michael,Balcos
Michaela,Bald
Michaele,Balda
