Winston,Beish
Winter,Beisner
Wm,Beissel
Wonda,Beisser
Woodrow,Beiswanger
Wyatt,Beiswenger
Wynell,Beitel
Wynona,Beiter
Xavier,Beith
Xenia,Beitler
Xiao,Beitz
Xiomara,Beitzel
Xochitl,Beja
Xuan,Bejar
Yadira,Bejaran
Yaeko,Bejarano
Yael,Bejcek
Yahaira,Bejerano
Yajaira,Bejger
Yan,Bejil
Yang,Bejjani
Yanira,Bek
Yasmin,Bekele
Yasmine,Beker
Yasuko,Bekerman
Yee,Bekhit
Yelena,Bekins
Yen,Bekis
Yer,Bekius
Yesenia,Bekker
Yessenia,Bel
Yetta,Bela
Yevette,Belair
Yi,Belak
Ying,Belancer
Yoko,Beland
Yolanda,Belanger
Yolande,Belangia
Yolando,Belanich
Yolonda,Belarde
Yon,Belardo
Yong,Belarmino
Yong,Belasco
Yoshie,Belay
Yoshiko,Belback
Youlanda,Belcastro
Young,Belch
Young,Belcher
Yu,Belchior
Yuette,Belcourt
Yuk,Belden
Yuki,Beldin
Yukiko,Belding
Yuko,Beldon
