Lucila,Azzaro
Lucile,Azznara
Lucilla,Azzopardi
Lucille,Ba
Lucina,Baab
Lucinda,Baack
Lucio,Baade
Lucius,Baadsgaard
Lucrecia,Baar
Lucretia,Baars
Lucy,Baarts
Ludie,Baas
Ludivina,Baatz
Lue,Bab
Luella,Baba
Luetta,Babat
Luigi,Babauta
Luis,Babb
Luis,Babbel
Luisa,Babbin
Luise,Babbish
Luke,Babbit
Lula,Babbitt
Lulu,Babbs
Luna,Babcock
Lupe,Babe
Lupe,Babecki
Lupita,Babel
Lura,Babena
Lurlene,Baber
Lurline,Babers
Luther,Babeu
Luvenia,Babey
Luz,Babiarz
Lyda,Babic
Lydia,Babich
Lyla,Babick
Lyle,Babicke
Lyman,Babicz
Lyn,Babikian
Lynda,Babilon
Lyndia,Babilonia
Lyndon,Babin
Lyndsay,Babine
Lyndsey,Babineau
Lynell,Babineaux
Lynelle,Babington
Lynetta,Babino
Lynette,Babinski
Lynn,Babione
Lynn,Babiracki
Lynna,Babish
Lynne,Babitsch
Lynnette,Babjeck
