Joe,Arndorfer
Joe,Arndt
Joeann,Arne
Joel,Arneberg
Joel,Arneecher
Joella,Arnell
Joelle,Arner
Joellen,Arnerich
Joesph,Arnesen
Joetta,Arneson
Joette,Arnet
Joey,Arnett
Joey,Arnette
Johana,Arney
Johanna,Arnhart
Johanne,Arnhold
John,Arnholt
John,Arnholtz
Johna,Arning
Johnathan,Arnio
Johnathon,Arniotes
Johnetta,Arnitz
Johnette,Arnn
Johnie,Arno
Johnie,Arnold
Johnna,Arnoldi
Johnnie,Arnoldy
Johnnie,Arnone
Johnny,Arnot
Johnny,Arnott
Johnsie,Arnoux
Johnson,Arnow
Joi,Arns
Joie,Arnsberger
Jolanda,Arnspiger
Joleen,Arnst
Jolene,Arnstein
Jolie,Arnsworth
Joline,Arnt
Jolyn,Arntson
Jolynn,Arntt
Jon,Arntz
Jon,Arntzen
Jona,Arnwine
Jonah,Arnzen
Jonas,Aro
Jonathan,Aroca
Jonathon,Arocha
Jone,Aroche
Jonell,Arocho
Jonelle,Arollo
Jong,Aromin
Joni,Aron
Jonie,Arone
