Malena,Bacigalupi
Malia,Bacigalupo
Malik,Bacik
Malika,Bacino
Malinda,Bacio
Malisa,Back
Malissa,Backbone
Malka,Backe
Mallie,Backen
Mallory,Backenstose
Malorie,Backer
Malvina,Backers
Mamie,Backes
Mammie,Backey
Man,Backfisch
Man,Backhaus
Mana,Backhuus
Manda,Backlund
Mandi,Backman
Mandie,Backmon
Mandy,Backous
Manie,Backstrom
Manual,Backues
Manuel,Backus
Manuela,Bacman
Many,Bacolor
Mao,Bacon
Maple,Bacone
Mara,Bacorn
Maragaret,Bacot
Maragret,Bacote
Maranda,Baculpo
Marc,Bacurin
Marcel,Bacus
Marcela,Bacy
Marcelene,Baczewski
Marcelina,Bad
Marceline,Badagliacca
Marcelino,Badal
Marcell,Badalamenti
Marcella,Badame
Marcelle,Badami
Marcellus,Badamo
Marcelo,Badanguio
Marcene,Badasci
Marchelle,Baddeley
Marci,Badder
Marcia,Badders
Marcie,Baddley
Marco,Baddour
Marcos,Bade
Marcus,Badeau
Marcy,Badeaux
Mardell,Baden
