Talitha,Bayardo
Tam,Bayas
Tama,Baydal
Tamala,Bayer
Tamar,Bayerl
Tamara,Bayers
Tamatha,Bayes
Tambra,Bayete
Tameika,Baygents
Tameka,Bayhonan
Tamekia,Bayird
Tamela,Bayle
Tamera,Bayles
Tamesha,Bayless
Tami,Bayley
Tamica,Bayliff
Tamie,Baylis
Tamika,Bayliss
Tamiko,Baylock
Tamisha,Baylon
Tammara,Baylor
Tammera,Bayly
Tammi,Bayman
Tammie,Baymon
Tammy,Bayn
Tamra,Baynard
Tana,Bayne
Tandra,Baynes
Tandy,Baynham
Taneka,Bayon
Tanesha,Bayona
Tangela,Bayot
Tania,Bayouth
Tanika,Bays
Tanisha,Baysden
Tanja,Baysinger
Tanna,Baysmore
Tanner,Bayt
Tanya,Bayton
Tara,Baytos
Tarah,Bayuk
Taren,Bayus
Tari,Baza
Tarra,Bazaldua
Tarsha,Bazan
Taryn,Bazar
Tasha,Bazarte
Tashia,Bazata
Tashina,Baze
Tasia,Bazel
Tatiana,Bazelais
Tatum,Bazemore
Tatyana,Bazer
Taunya,Bazil
