Isobel,Arcangel
Israel,Arcano
Isreal,Arcaro
Issac,Arcaute
Iva,Arce
Ivan,Arcea
Ivana,Arcega
Ivelisse,Arcement
Ivette,Arceneaux
Ivey,Arceo
Ivonne,Arch
Ivory,Archacki
Ivory,Archambault
Ivy,Archambeau
Izetta,Archambeault
Izola,Archangel
Ja,Archbell
Jacalyn,Archbold
Jacelyn,Archdale
Jacinda,Archer
Jacinta,Archey
Jacinto,Archibald
Jack,Archibeque
Jack,Archibold
Jackeline,Archie
Jackelyn,Archila
Jacki,Archilla
Jackie,Archiopoli
Jackie,Archuleta
Jacklyn,Archuletta
Jackqueline,Archut
Jackson,Arcia
Jaclyn,Arciba
Jacob,Arcieri
Jacqualine,Arciga
Jacque,Arcila
Jacquelin,Arcilla
Jacqueline,Arciniega
Jacquelyn,Arcino
Jacquelyne,Arciola
Jacquelynn,Arcizo
Jacques,Arcoraci
Jacquetta,Arcos
Jacqui,Arcudi
Jacquie,Arcuo
Jacquiline,Arcuri
Jacquline,Ard
Jacqulyn,Ardaly
Jada,Ardan
Jade,Ardd
Jadwiga,Ardelean
Jae,Arden
Jae,Ardeneaux
Jaime,Ardery
