Norma,Bangle
Norman,Bangs
Norman,Bangura
Normand,Banh
Norris,Bania
Nova,Baniaga
Novella,Banick
Nu,Banik
Nubia,Banis
Numbers,Banister
Numbers,Bank
Nydia,Bankard
Nyla,Banke
Obdulia,Bankemper
Ocie,Banker
Octavia,Bankert
Octavio,Bankes
Oda,Bankey
Odelia,Bankhead
Odell,Banko
Odell,Bankos
Odessa,Bankowski
Odette,Banks
Odilia,Bankson
Odis,Bankston
Ofelia,Bann
Ok,Bannan
Ola,Banner
Olen,Bannerman
Olene,Bannett
Oleta,Banning
Olevia,Bannister
Olga,Bannon
Olimpia,Bannowsky
Olin,Banome
Olinda,Banos
Oliva,Banowetz
Olive,Banowski
Oliver,Bansal
Olivia,Bansbach
Ollie,Banse
Ollie,Bansmer
Olympia,Banta
Oma,Bantay
Omar,Banter
Omega,Banther
Omer,Bantillan
Ona,Bantin
Oneida,Banton
Onie,Bantug
Onita,Bantz
Opal,Banuelos
Ophelia,Banvelos
Ora,Banville
